bucket,sid,sub,pid,pred,oid,obj,class
3-9,3429567,dbr:Maryon_Lane,65,dbo:birthPlace,3734171,dbr:Natal_Province,1
3-9,3429567,dbr:Maryon_Lane,65,dbo:birthPlace,1335256,dbr:Cyprus,0
3-9,1217525,dbr:Claire_Loewenfeld,65,dbo:birthPlace,817795,dbr:Berlin,1
3-9,1217525,dbr:Claire_Loewenfeld,65,dbo:birthPlace,975910,dbr:Buckinghamshire,0
3-9,2551910,dbr:James_Boughtwood_Comber,65,dbo:birthPlace,1997867,dbr:Garlieston,1
3-9,2551910,dbr:James_Boughtwood_Comber,65,dbo:birthPlace,4790259,dbr:Southampton,0
3-9,1673627,dbr:Elisabeth_Alida_Haanen,65,dbo:birthPlace,5306574,dbr:Utrecht,1
3-9,1673627,dbr:Elisabeth_Alida_Haanen,65,dbo:birthPlace,516437,dbr:Amsterdam,0
3-9,4116043,dbr:Philippe_Mouskes,65,dbo:birthPlace,2067202,dbr:Ghent,1
3-9,4116043,dbr:Philippe_Mouskes,65,dbo:birthPlace,5202078,dbr:Tournai,0
3-9,655713,dbr:Arthur_Rose_Eldred,65,dbo:birthPlace,960485,dbr:Brooklyn,1
3-9,655713,dbr:Arthur_Rose_Eldred,65,dbo:birthPlace,1229639,"dbr:Clementon,_New_Jersey",0
3-9,2035236,dbr:George_Hopkins_Williams_II,65,dbo:birthPlace,1962564,"dbr:Frost,_Texas",1
3-9,2035236,dbr:George_Hopkins_Williams_II,65,dbo:birthPlace,1357141,dbr:Dallas,0
3-9,2223657,dbr:Hamilton_Revelle,65,dbo:birthPlace,2074276,dbr:Gibraltar,1
3-9,2223657,dbr:Hamilton_Revelle,65,dbo:birthPlace,1906664,dbr:France,0
3-9,4133936,dbr:Pieter_Withoos,65,dbo:birthPlace,508995,dbr:Amersfoort,1
3-9,4133936,dbr:Pieter_Withoos,65,dbo:birthPlace,516437,dbr:Amsterdam,0
3-9,3338759,dbr:Manuel_Guimarães,65,dbo:birthPlace,406732,dbr:Albergaria-a-Velha,1
3-9,3338759,dbr:Manuel_Guimarães,65,dbo:birthPlace,3166380,dbr:Lisbon,0
3-9,2664587,dbr:Jo_Herbst,65,dbo:birthPlace,817795,dbr:Berlin,1
3-9,2664587,dbr:Jo_Herbst,65,dbo:birthPlace,5470507,dbr:West_Berlin,0
3-9,608131,dbr:António_Rodrigo_Pinto_da_Silva,65,dbo:birthPlace,4176405,dbr:Porto,1
3-9,608131,dbr:António_Rodrigo_Pinto_da_Silva,65,dbo:birthPlace,3166380,dbr:Lisbon,0
3-9,5588607,dbr:Yevgeny_Ostashev,65,dbo:birthPlace,1668220,dbr:Elektrougli,1
3-9,5588607,dbr:Yevgeny_Ostashev,65,dbo:birthPlace,736059,dbr:Baikonur,0
3-9,5013209,dbr:Tex_Terry,65,dbo:birthPlace,1301637,"dbr:Coxville,_Indiana",1
3-9,5013209,dbr:Tex_Terry,65,dbo:birthPlace,2450592,dbr:Indiana,0
3-9,2643163,dbr:Jetty_Paerl,65,dbo:birthPlace,516437,dbr:Amsterdam,1
3-9,2643163,dbr:Jetty_Paerl,65,dbo:birthPlace,516432,dbr:Amstelveen,0
3-9,2038210,dbr:George_Marsh_(martyr),65,dbo:birthPlace,1447566,"dbr:Deane,_Greater_Manchester",1
3-9,2038210,dbr:George_Marsh_(martyr),65,dbo:birthPlace,1151425,dbr:Chester,0
3-9,5513613,dbr:William_Lee_Bergstrom,65,dbo:birthPlace,699998,"dbr:Austin,_Texas",1
3-9,5513613,dbr:William_Lee_Bergstrom,65,dbo:birthPlace,3073503,dbr:Las_Vegas,0
3-9,2013737,dbr:Geertruid_Adriaansdochter,65,dbo:birthPlace,3771978,dbr:Netherlands,1
3-9,2013737,dbr:Geertruid_Adriaansdochter,65,dbo:birthPlace,2403213,dbr:IJpesloot,0
3-9,4016695,dbr:Patricia_Ziegfeld_Stephenson,65,dbo:birthPlace,3781679,dbr:New_York_City,1
3-9,4016695,dbr:Patricia_Ziegfeld_Stephenson,65,dbo:birthPlace,3218121,dbr:Los_Angeles,0
3-9,4277882,dbr:Ralph_Peduto,65,dbo:birthPlace,3778606,dbr:New_Jersey,1
3-9,4277882,dbr:Ralph_Peduto,65,dbo:birthPlace,4581292,"dbr:Santa_Cruz,_California",0
3-9,2278384,dbr:Heinz_Conrads,65,dbo:birthPlace,702527,dbr:Austria-Hungary,1
3-9,2278384,dbr:Heinz_Conrads,65,dbo:birthPlace,702517,dbr:Austria,0
3-9,1944230,dbr:Fred_W._Bateman,65,dbo:birthPlace,4454342,"dbr:Roper,_North_Carolina",1
3-9,1944230,dbr:Fred_W._Bateman,65,dbo:birthPlace,3785217,"dbr:Newport_News,_Virginia",0
3-9,3350662,dbr:Marcella_Rovena,65,dbo:birthPlace,1272500,dbr:Conegliano,1
3-9,3350662,dbr:Marcella_Rovena,65,dbo:birthPlace,2496513,dbr:Italy,0
3-9,857235,dbr:Billy_Marsh,65,dbo:birthPlace,1705443,dbr:England,1
3-9,857235,dbr:Billy_Marsh,65,dbo:birthPlace,3208131,dbr:London,0
3-9,835000,dbr:Bezalel_Rakow,65,dbo:birthPlace,1931479,dbr:Frankfurt,1
3-9,835000,dbr:Bezalel_Rakow,65,dbo:birthPlace,2007759,dbr:Gateshead,0
3-9,1352024,dbr:Dahlia_Ravikovitch,65,dbo:birthPlace,3328189,dbr:Mandatory_Palestine,1
3-9,1352024,dbr:Dahlia_Ravikovitch,65,dbo:birthPlace,2490794,dbr:Israel,0
3-9,1070738,dbr:Caroline_Lee_Hentz,65,dbo:birthPlace,3061864,"dbr:Lancaster,_Massachusetts",1
3-9,1070738,dbr:Caroline_Lee_Hentz,65,dbo:birthPlace,3373039,"dbr:Marianna,_Florida",0
3-9,4445657,dbr:Ron_Allen_(playwright),65,dbo:birthPlace,1486871,dbr:Detroit,1
3-9,4445657,dbr:Ron_Allen_(playwright),65,dbo:birthPlace,3218121,dbr:Los_Angeles,0
3-9,810438,dbr:Benjamin_Kendall_Emerson,65,dbo:birthPlace,3732030,"dbr:Nashua,_New_Hampshire",1
3-9,810438,dbr:Benjamin_Kendall_Emerson,65,dbo:birthPlace,509316,"dbr:Amherst,_Massachusetts",0
3-9,2568029,dbr:James_Taylor_(tea_planter),65,dbo:birthPlace,2966736,dbr:Kincardineshire,1
3-9,2568029,dbr:James_Taylor_(tea_planter),65,dbo:birthPlace,954810,dbr:British_Ceylon,0
3-9,2774756,dbr:Joseph_Matthias_Gérard_de_Rayneval,65,dbo:birthPlace,490722,dbr:Alsace,1
3-9,2774756,dbr:Joseph_Matthias_Gérard_de_Rayneval,65,dbo:birthPlace,3999975,dbr:Paris,0
3-9,2303942,dbr:Henry_Woods_(painter),65,dbo:birthPlace,1705443,dbr:England,1
3-9,2303942,dbr:Henry_Woods_(painter),65,dbo:birthPlace,5342598,dbr:Venice,0
3-9,650758,dbr:Arthur_A._Schuck,65,dbo:birthPlace,960485,dbr:Brooklyn,1
3-9,650758,dbr:Arthur_A._Schuck,65,dbo:birthPlace,4580927,"dbr:Santa_Barbara,_California",0
3-9,2077422,dbr:Gilbert_Ironside_the_younger,65,dbo:birthPlace,1562309,dbr:Dorset,1
3-9,2077422,dbr:Gilbert_Ironside_the_younger,65,dbo:birthPlace,1705443,dbr:England,0
3-9,1660127,dbr:El_Hedi_ben_Salem,65,dbo:birthPlace,3650646,dbr:Morocco,1
3-9,1660127,dbr:El_Hedi_ben_Salem,65,dbo:birthPlace,1906664,dbr:France,0
3-9,1847441,dbr:Felisa_Vanoff,65,dbo:birthPlace,503218,"dbr:Ambridge,_Pennsylvania",1
3-9,1847441,dbr:Felisa_Vanoff,65,dbo:birthPlace,833735,"dbr:Beverly_Hills,_California",0
3-9,813601,dbr:Benoît_Frachon,65,dbo:birthPlace,3089753,dbr:Le_Chambon-Feugerolles,1
3-9,813601,dbr:Benoît_Frachon,65,dbo:birthPlace,3125646,"dbr:Les_Bordes,_Loiret",0
3-9,3498720,dbr:Mendi_Rodan,65,dbo:birthPlace,2416116,dbr:Iași,1
3-9,3498720,dbr:Mendi_Rodan,65,dbo:birthPlace,2490794,dbr:Israel,0
3-9,318249,dbr:Abraham_Jacobi,65,dbo:birthPlace,2058487,dbr:German_Confederation,1
3-9,318249,dbr:Abraham_Jacobi,65,dbo:birthPlace,904454,"dbr:Bolton_Landing,_New_York",0
3-9,4561839,dbr:Samuel_Budgett,65,dbo:birthPlace,5552742,dbr:Wrington,1
3-9,4561839,dbr:Samuel_Budgett,65,dbo:birthPlace,953879,dbr:Bristol,0
3-9,2668344,dbr:Joao_Moises_Benabides_Dinis,65,dbo:birthPlace,3641936,dbr:Montserrat,1
3-9,2668344,dbr:Joao_Moises_Benabides_Dinis,65,dbo:birthPlace,3886286,dbr:Ohio_Country,0
3-9,2741255,dbr:Johnnie_Hoskins,65,dbo:birthPlace,5428257,"dbr:Waitara,_New_Zealand",1
3-9,2741255,dbr:Johnnie_Hoskins,65,dbo:birthPlace,1705443,dbr:England,0
3-9,2700681,dbr:John_D._Thompson,65,dbo:birthPlace,1932062,"dbr:Franklin,_Pennsylvania",1
3-9,2700681,dbr:John_D._Thompson,65,dbo:birthPlace,3778253,"dbr:New_Haven,_Connecticut",0
3-9,2181242,dbr:Gustav_Gassner,65,dbo:birthPlace,817795,dbr:Berlin,1
3-9,2181242,dbr:Gustav_Gassner,65,dbo:birthPlace,3275712,dbr:Lüneburg,0
3-9,3272919,dbr:László_Széchenyi,65,dbo:birthPlace,2357474,dbr:Horpács,1
3-9,3272919,dbr:László_Széchenyi,65,dbo:birthPlace,976830,dbr:Budapest,0
3-9,313299,dbr:Abdurajik_Abubakar_Janjalani,65,dbo:birthPlace,768885,dbr:Basilan,1
3-9,313299,dbr:Abdurajik_Abubakar_Janjalani,65,dbo:birthPlace,4117070,dbr:Philippines,0
3-9,2214678,dbr:Haji_Laq_Laq,65,dbo:birthPlace,516218,dbr:Amritsar,1
3-9,2214678,dbr:Haji_Laq_Laq,65,dbo:birthPlace,3051784,dbr:Lahore,0
3-9,2535687,dbr:Jacques_Bonne-Gigault_de_Bellefonds,65,dbo:birthPlace,788351,dbr:Beaumont-la-Ronce,1
3-9,2535687,dbr:Jacques_Bonne-Gigault_de_Bellefonds,65,dbo:birthPlace,3999975,dbr:Paris,0
3-9,3071547,dbr:Lars-Gunnar_Björklund,65,dbo:birthPlace,4875733,dbr:Stockholm,1
3-9,3071547,dbr:Lars-Gunnar_Björklund,65,dbo:birthPlace,4579680,dbr:Sankt_Matteus_Parish,0
3-9,1130973,dbr:Charles_R._Moore_(actor),65,dbo:birthPlace,1156552,dbr:Chicago,1
3-9,1130973,dbr:Charles_R._Moore_(actor),65,dbo:birthPlace,3218121,dbr:Los_Angeles,0
9-26,482054,dbr:Allen_Ludden,65,dbo:birthPlace,3587960,"dbr:Mineral_Point,_Wisconsin",1
9-26,482054,dbr:Allen_Ludden,65,dbo:birthPlace,3218121,dbr:Los_Angeles,0
9-26,1218390,dbr:Clara_Driscoll_(philanthropist),65,dbo:birthPlace,4816572,"dbr:St._Mary's_of_Aransas,_Texas",1
9-26,1218390,dbr:Clara_Driscoll_(philanthropist),65,dbo:birthPlace,1291364,"dbr:Corpus_Christi,_Texas",0
9-26,2778286,dbr:Josephine_Dunn,65,dbo:birthPlace,3781679,dbr:New_York_City,1
9-26,2778286,dbr:Josephine_Dunn,65,dbo:birthPlace,5127582,"dbr:Thousand_Oaks,_California",0
9-26,655394,dbr:Arthur_Porter_(physician),65,dbo:birthPlace,1952874,dbr:Freetown,1
9-26,655394,dbr:Arthur_Porter_(physician),65,dbo:birthPlace,3985426,dbr:Panama,0
9-26,2366011,dbr:Howard_B._Keck,65,dbo:birthPlace,5221998,"dbr:Trinidad,_California",1
9-26,2366011,dbr:Howard_B._Keck,65,dbo:birthPlace,4582390,"dbr:Santa_Monica,_California",0
9-26,1479253,dbr:Derek_Francis,65,dbo:birthPlace,952147,dbr:Brighton,1
9-26,1479253,dbr:Derek_Francis,65,dbo:birthPlace,1705443,dbr:England,0
9-26,412320,dbr:Alberta_Vaughn,65,dbo:birthPlace,667922,"dbr:Ashland,_Kentucky",1
9-26,412320,dbr:Alberta_Vaughn,65,dbo:birthPlace,4890063,"dbr:Studio_City,_Los_Angeles",0
9-26,1124997,dbr:Charles_Fredericks_(actor),65,dbo:birthPlace,1261827,"dbr:Columbus,_Mississippi",1
9-26,1124997,dbr:Charles_Fredericks_(actor),65,dbo:birthPlace,1023244,dbr:California,0
9-26,1785488,dbr:F._G._Natesa_Iyer,65,dbo:birthPlace,4189697,dbr:Presidencies_and_provinces_of_British_India,1
9-26,1785488,dbr:F._G._Natesa_Iyer,65,dbo:birthPlace,837718,dbr:Bhopal,0
9-26,2514825,dbr:J._N._Andrews,65,dbo:birthPlace,3308399,dbr:Maine,1
9-26,2514825,dbr:J._N._Andrews,65,dbo:birthPlace,767638,dbr:Basel,0
9-26,4294334,dbr:Rasul_Amin,65,dbo:birthPlace,358419,dbr:Afghanistan,1
9-26,4294334,dbr:Rasul_Amin,65,dbo:birthPlace,701166,dbr:Australia,0
9-26,2717556,dbr:John_Lee_Archer,65,dbo:birthPlace,1141607,"dbr:Chatham,_Kent",1
9-26,2717556,dbr:John_Lee_Archer,65,dbo:birthPlace,701166,dbr:Australia,0
9-26,5440211,dbr:Walter_Vidarte,65,dbo:birthPlace,3640134,dbr:Montevideo,1
9-26,5440211,dbr:Walter_Vidarte,65,dbo:birthPlace,3296583,dbr:Madrid,0
9-26,1550670,dbr:Don_Pardo,65,dbo:birthPlace,5475446,"dbr:Westfield,_Massachusetts",1
9-26,1550670,dbr:Don_Pardo,65,dbo:birthPlace,5235702,"dbr:Tucson,_Arizona",0
9-26,3570275,dbr:Mikhail_Shuisky_(baritone),65,dbo:birthPlace,3857518,dbr:Novogeorgievsk,1
9-26,3570275,dbr:Mikhail_Shuisky_(baritone),65,dbo:birthPlace,4073853,dbr:Perm,0
9-26,808886,dbr:Benjamin_A._Botkin,65,dbo:birthPlace,1611973,dbr:East_Boston,1
9-26,808886,dbr:Benjamin_A._Botkin,65,dbo:birthPlace,1318371,"dbr:Croton-on-Hudson,_New_York",0
9-26,2057748,dbr:Gerhard_Spiegler,65,dbo:birthPlace,2979293,dbr:Klaipėda,1
9-26,2057748,dbr:Gerhard_Spiegler,65,dbo:birthPlace,5555872,"dbr:Wynnewood,_Pennsylvania",0
9-26,5502596,dbr:William_Carpenter_(flat_Earth_theorist),65,dbo:birthPlace,1705443,dbr:England,1
9-26,5502596,dbr:William_Carpenter_(flat_Earth_theorist),65,dbo:birthPlace,744064,dbr:Baltimore,0
9-26,4356232,dbr:Richard_Derr,65,dbo:birthPlace,3844651,"dbr:Norristown,_Pennsylvania",1
9-26,4356232,dbr:Richard_Derr,65,dbo:birthPlace,4582390,"dbr:Santa_Monica,_California",0
9-26,3807277,dbr:Nigel_Stock_(actor),65,dbo:birthPlace,3322476,dbr:Malta,1
9-26,3807277,dbr:Nigel_Stock_(actor),65,dbo:birthPlace,3208131,dbr:London,0
9-26,2310587,dbr:Herman_Gummerus,65,dbo:birthPlace,4539390,dbr:Saint_Petersburg,1
9-26,2310587,dbr:Herman_Gummerus,65,dbo:birthPlace,2286633,dbr:Helsinki,0
9-26,461343,dbr:Alfred_J._Gross,65,dbo:birthPlace,1036538,dbr:Canada,1
9-26,461343,dbr:Alfred_J._Gross,65,dbo:birthPlace,4904750,"dbr:Sun_City,_Arizona",0
9-26,1196795,dbr:Christopher_Werner,65,dbo:birthPlace,2969225,dbr:Kingdom_of_Prussia,1
9-26,1196795,dbr:Christopher_Werner,65,dbo:birthPlace,1134596,"dbr:Charleston_County,_South_Carolina",0
9-26,582342,dbr:Annie_Malone,65,dbo:birthPlace,3513193,"dbr:Metropolis,_Illinois",1
9-26,582342,dbr:Annie_Malone,65,dbo:birthPlace,1156552,dbr:Chicago,0
9-26,3072468,dbr:Lars_Molin_(filmmaker),65,dbo:birthPlace,4925444,dbr:Sweden,1
9-26,3072468,dbr:Lars_Molin_(filmmaker),65,dbo:birthPlace,4906395,dbr:Sundbyberg_Municipality,0
9-26,4492554,dbr:Ruth_Hubbard_Cousins,65,dbo:birthPlace,2049937,dbr:Georgia_(U.S._state),1
9-26,4492554,dbr:Ruth_Hubbard_Cousins,65,dbo:birthPlace,1141932,"dbr:Chattanooga,_Tennessee",0
9-26,4677147,dbr:Shamsunnahar_Mahmud,65,dbo:birthPlace,1850249,dbr:Feni_District,1
9-26,4677147,dbr:Shamsunnahar_Mahmud,65,dbo:birthPlace,2449097,dbr:India,0
9-26,4753274,dbr:Slim_Keith,65,dbo:birthPlace,1023244,dbr:California,1
9-26,4753274,dbr:Slim_Keith,65,dbo:birthPlace,3330850,dbr:Manhattan,0
9-26,503891,dbr:Amby_Paliwoda,65,dbo:birthPlace,1230655,dbr:Cleveland,1
9-26,503891,dbr:Amby_Paliwoda,65,dbo:birthPlace,1023244,dbr:California,0
9-26,3878273,dbr:Octave_Chanute,65,dbo:birthPlace,1906664,dbr:France,1
9-26,3878273,dbr:Octave_Chanute,65,dbo:birthPlace,1156552,dbr:Chicago,0
9-26,2298780,dbr:Henry_Huttleston_Rogers,65,dbo:birthPlace,1825421,"dbr:Fairhaven,_Massachusetts",1
9-26,2298780,dbr:Henry_Huttleston_Rogers,65,dbo:birthPlace,3781679,dbr:New_York_City,0
9-26,3269100,dbr:Lynda_Bellingham,65,dbo:birthPlace,1036538,dbr:Canada,1
9-26,3269100,dbr:Lynda_Bellingham,65,dbo:birthPlace,1705443,dbr:England,0
9-26,5493063,dbr:Wilfred_Thesiger,65,dbo:birthPlace,339844,dbr:Addis_Ababa,1
9-26,5493063,dbr:Wilfred_Thesiger,65,dbo:birthPlace,1319150,dbr:Croydon,0
9-26,2156272,dbr:Gregorio_Fernandez,65,dbo:birthPlace,2461238,dbr:Insular_Government_of_the_Philippine_Islands,1
9-26,2156272,dbr:Gregorio_Fernandez,65,dbo:birthPlace,4117070,dbr:Philippines,0
9-26,444285,dbr:Alexander_Agassiz,65,dbo:birthPlace,3772916,dbr:Neuchâtel,1
9-26,444285,dbr:Alexander_Agassiz,65,dbo:birthPlace,4251761,dbr:RMS_Adriatic_(1906),0
9-26,2752198,dbr:Jonathan_Hardy,65,dbo:birthPlace,5464060,dbr:Wellington,1
9-26,2752198,dbr:Jonathan_Hardy,65,dbo:birthPlace,701166,dbr:Australia,0
9-26,5377800,dbr:Virginia_Graham,65,dbo:birthPlace,1156552,dbr:Chicago,1
9-26,5377800,dbr:Virginia_Graham,65,dbo:birthPlace,3330850,dbr:Manhattan,0
9-26,1336600,dbr:Cyrinda_Foxe,65,dbo:birthPlace,1023244,dbr:California,1
9-26,1336600,dbr:Cyrinda_Foxe,65,dbo:birthPlace,3781413,dbr:New_York,0
9-26,5099636,dbr:Theodore_Roosevelt_III,65,dbo:birthPlace,3781679,dbr:New_York_City,1
9-26,5099636,dbr:Theodore_Roosevelt_III,65,dbo:birthPlace,972543,"dbr:Bryn_Mawr,_Pennsylvania",0
9-26,2735344,dbr:John_Thadeus_Delane,65,dbo:birthPlace,3208131,dbr:London,1
9-26,2735344,dbr:John_Thadeus_Delane,65,dbo:birthPlace,665762,"dbr:Ascot,_Berkshire",0
9-26,2838904,dbr:János_Fadrusz,65,dbo:birthPlace,702672,dbr:Austrian_Empire,1
9-26,2838904,dbr:János_Fadrusz,65,dbo:birthPlace,702527,dbr:Austria-Hungary,0
9-26,1694650,dbr:Emily_Wheelock_Reed,65,dbo:birthPlace,667327,"dbr:Asheville,_North_Carolina",1
9-26,1694650,dbr:Emily_Wheelock_Reed,65,dbo:birthPlace,1246637,"dbr:Cockeysville,_Maryland",0
9-26,1695990,dbr:Emma_Lehmer,65,dbo:birthPlace,4490027,dbr:Russian_Empire,1
9-26,1695990,dbr:Emma_Lehmer,65,dbo:birthPlace,817351,"dbr:Berkeley,_California",0
9-26,4095466,dbr:Peter_Stursberg,65,dbo:birthPlace,4334369,dbr:Republic_of_China_(1912–49),1
9-26,4095466,dbr:Peter_Stursberg,65,dbo:birthPlace,954836,dbr:British_Columbia,0
9-26,436132,dbr:Alessandro_Fersen,65,dbo:birthPlace,5672865,dbr:Łódź,1
9-26,436132,dbr:Alessandro_Fersen,65,dbo:birthPlace,4443807,dbr:Rome,0
9-26,3255420,dbr:Luis_van_Rooten,65,dbo:birthPlace,3514743,dbr:Mexico_City,1
9-26,3255420,dbr:Luis_van_Rooten,65,dbo:birthPlace,1141609,"dbr:Chatham,_Massachusetts",0
9-26,4278082,dbr:Ralph_Sanford,65,dbo:birthPlace,4808467,"dbr:Springfield,_Massachusetts",1
9-26,4278082,dbr:Ralph_Sanford,65,dbo:birthPlace,3218121,dbr:Los_Angeles,0
9-26,4096493,dbr:Peter_Verigin,65,dbo:birthPlace,4752057,"dbr:Slavyanka,_Azerbaijan",1
9-26,4096493,dbr:Peter_Verigin,65,dbo:birthPlace,954836,dbr:British_Columbia,0
9-26,5393747,dbr:Vladislav_Galkin,65,dbo:birthPlace,4539390,dbr:Saint_Petersburg,1
9-26,5393747,dbr:Vladislav_Galkin,65,dbo:birthPlace,3654220,dbr:Moscow,0
9-26,4600318,dbr:Sava_Mutkurov,65,dbo:birthPlace,984092,dbr:Bulgaria,1
9-26,4600318,dbr:Sava_Mutkurov,65,dbo:birthPlace,2496513,dbr:Italy,0
26-77,5370476,dbr:Vince_Edwards,65,dbo:birthPlace,960485,dbr:Brooklyn,1
26-77,5370476,dbr:Vince_Edwards,65,dbo:birthPlace,3218121,dbr:Los_Angeles,0
26-77,938934,dbr:Brenda_Joyce_(actress),65,dbo:birthPlace,1778010,"dbr:Excelsior_Springs,_Missouri",1
26-77,938934,dbr:Brenda_Joyce_(actress),65,dbo:birthPlace,4582390,"dbr:Santa_Monica,_California",0
26-77,5566095,dbr:Xu_Guangqi,65,dbo:birthPlace,3588375,dbr:Ming_dynasty,1
26-77,5566095,dbr:Xu_Guangqi,65,dbo:birthPlace,794188,dbr:Beijing,0
26-77,1446114,dbr:Dean_Elliott,65,dbo:birthPlace,3295643,"dbr:Madison,_Wisconsin",1
26-77,1446114,dbr:Dean_Elliott,65,dbo:birthPlace,1023244,dbr:California,0
26-77,3048631,dbr:Ladislaus_Vajda,65,dbo:birthPlace,702527,dbr:Austria-Hungary,1
26-77,3048631,dbr:Ladislaus_Vajda,65,dbo:birthPlace,817795,dbr:Berlin,0
26-77,3467596,dbr:Max_Obal,65,dbo:birthPlace,973015,dbr:Brzeg,1
26-77,3467596,dbr:Max_Obal,65,dbo:birthPlace,817795,dbr:Berlin,0
26-77,3496341,dbr:Melville_Shavelson,65,dbo:birthPlace,3781679,dbr:New_York_City,1
26-77,3496341,dbr:Melville_Shavelson,65,dbo:birthPlace,1023244,dbr:California,0
26-77,3425180,dbr:Mary_Boland,65,dbo:birthPlace,2088403,"dbr:Girardville,_Pennsylvania",1
26-77,3425180,dbr:Mary_Boland,65,dbo:birthPlace,3781679,dbr:New_York_City,0
26-77,480248,dbr:Allan_Melvin,65,dbo:birthPlace,2879873,"dbr:Kansas_City,_Missouri",1
26-77,480248,dbr:Allan_Melvin,65,dbo:birthPlace,3218121,dbr:Los_Angeles,0
26-77,1223461,dbr:Claude_Renoir,65,dbo:birthPlace,1906664,dbr:France,1
26-77,1223461,dbr:Claude_Renoir,65,dbo:birthPlace,691651,dbr:Aube,0
26-77,888450,dbr:Bob_Hoskins,65,dbo:birthPlace,991764,dbr:Bury_St_Edmunds,1
26-77,888450,dbr:Bob_Hoskins,65,dbo:birthPlace,1705443,dbr:England,0
26-77,1628434,dbr:Edgar_Leopold_Layard,65,dbo:birthPlace,1882039,dbr:Florence,1
26-77,1628434,dbr:Edgar_Leopold_Layard,65,dbo:birthPlace,978401,dbr:Budleigh_Salterton,0
26-77,4247934,dbr:R._S._Manohar,65,dbo:birthPlace,2449097,dbr:India,1
26-77,4247934,dbr:R._S._Manohar,65,dbo:birthPlace,1148410,dbr:Chennai,0
26-77,891152,dbr:Bob_Stewart_(television_producer),65,dbo:birthPlace,960485,dbr:Brooklyn,1
26-77,891152,dbr:Bob_Stewart_(television_producer),65,dbo:birthPlace,3218121,dbr:Los_Angeles,0
26-77,2307728,dbr:Herbert_Rawlinson,65,dbo:birthPlace,1150717,dbr:Cheshire,1
26-77,2307728,dbr:Herbert_Rawlinson,65,dbo:birthPlace,3218121,dbr:Los_Angeles,0
26-77,1627898,dbr:Edgar_Buchanan,65,dbo:birthPlace,2381215,"dbr:Humansville,_Missouri",1
26-77,1627898,dbr:Edgar_Buchanan,65,dbo:birthPlace,3981867,"dbr:Palm_Desert,_California",0
26-77,1941586,dbr:Fred_Gwynne,65,dbo:birthPlace,3781413,dbr:New_York,1
26-77,1941586,dbr:Fred_Gwynne,65,dbo:birthPlace,3428818,dbr:Maryland,0
26-77,2726393,dbr:John_Patterson_(director),65,dbo:birthPlace,979220,"dbr:Buffalo,_New_York",1
26-77,2726393,dbr:John_Patterson_(director),65,dbo:birthPlace,1023244,dbr:California,0
26-77,2276897,dbr:Heinie_Conklin,65,dbo:birthPlace,1023244,dbr:California,1
26-77,2276897,dbr:Heinie_Conklin,65,dbo:birthPlace,2344305,dbr:Hollywood,0
26-77,2480185,dbr:Irving_Allen,65,dbo:birthPlace,702527,dbr:Austria-Hungary,1
26-77,2480185,dbr:Irving_Allen,65,dbo:birthPlace,1701982,"dbr:Encino,_Los_Angeles",0
26-77,4276845,dbr:Ralph_E._Winters,65,dbo:birthPlace,1036538,dbr:Canada,1
26-77,4276845,dbr:Ralph_E._Winters,65,dbo:birthPlace,3218121,dbr:Los_Angeles,0
26-77,2536172,dbr:Jacques_Feyder,65,dbo:birthPlace,2509806,dbr:Ixelles,1
26-77,2536172,dbr:Jacques_Feyder,65,dbo:birthPlace,4184997,dbr:Prangins,0
26-77,1882601,dbr:Florence_Vidor,65,dbo:birthPlace,2364336,dbr:Houston,1
26-77,1882601,dbr:Florence_Vidor,65,dbo:birthPlace,3972504,"dbr:Pacific_Palisades,_Los_Angeles",0
26-77,1923783,dbr:Frank_De_Vol,65,dbo:birthPlace,3659939,"dbr:Moundsville,_West_Virginia",1
26-77,1923783,dbr:Frank_De_Vol,65,dbo:birthPlace,3050314,"dbr:Lafayette,_California",0
26-77,1157941,dbr:Chico_Marx,65,dbo:birthPlace,3781679,dbr:New_York_City,1
26-77,1157941,dbr:Chico_Marx,65,dbo:birthPlace,2344305,dbr:Hollywood,0
26-77,4087149,dbr:Peter_Graves,65,dbo:birthPlace,3590808,dbr:Minneapolis,1
26-77,4087149,dbr:Peter_Graves,65,dbo:birthPlace,1023244,dbr:California,0
26-77,3974805,dbr:Padmarajan,65,dbo:birthPlace,404518,dbr:Alappuzha,1
26-77,3974805,dbr:Padmarajan,65,dbo:birthPlace,2933958,dbr:Kerala,0
26-77,3348516,dbr:Marcel_Boussac,65,dbo:birthPlace,1206598,dbr:Châteauroux,1
26-77,3348516,dbr:Marcel_Boussac,65,dbo:birthPlace,1906664,dbr:France,0
26-77,2612010,dbr:Jean_Cocteau,65,dbo:birthPlace,3309359,dbr:Maisons-Laffitte,1
26-77,2612010,dbr:Jean_Cocteau,65,dbo:birthPlace,3580805,dbr:Milly-la-Forêt,0
26-77,2774463,dbr:Joseph_M._Newman,65,dbo:birthPlace,3205045,"dbr:Logan,_Utah",1
26-77,2774463,dbr:Joseph_M._Newman,65,dbo:birthPlace,4726323,"dbr:Simi_Valley,_California",0
26-77,1219211,dbr:Clarence_Brown,65,dbo:birthPlace,1233995,"dbr:Clinton,_Massachusetts",1
26-77,1219211,dbr:Clarence_Brown,65,dbo:birthPlace,4582390,"dbr:Santa_Monica,_California",0
26-77,2709099,dbr:John_Guillermin,65,dbo:birthPlace,1705443,dbr:England,1
26-77,2709099,dbr:John_Guillermin,65,dbo:birthPlace,5193190,"dbr:Topanga,_California",0
26-77,2774510,dbr:Joseph_MacDonald,65,dbo:birthPlace,3514704,dbr:Mexico,1
26-77,2774510,dbr:Joseph_MacDonald,65,dbo:birthPlace,5546275,"dbr:Woodland_Hills,_Los_Angeles",0
26-77,5126740,dbr:Thorold_Dickinson,65,dbo:birthPlace,953879,dbr:Bristol,1
26-77,5126740,dbr:Thorold_Dickinson,65,dbo:birthPlace,3958221,dbr:Oxford,0
26-77,2703252,dbr:John_E._Madden,65,dbo:birthPlace,830931,"dbr:Bethlehem,_Pennsylvania",1
26-77,2703252,dbr:John_E._Madden,65,dbo:birthPlace,3781679,dbr:New_York_City,0
26-77,4302098,dbr:Raymond_Burr,65,dbo:birthPlace,954836,dbr:British_Columbia,1
26-77,4302098,dbr:Raymond_Burr,65,dbo:birthPlace,2269787,"dbr:Healdsburg,_California",0
26-77,2307739,dbr:Herbert_Reinecker,65,dbo:birthPlace,2058515,dbr:German_Empire,1
26-77,2307739,dbr:Herbert_Reinecker,65,dbo:birthPlace,2060365,dbr:Germany,0
26-77,977699,dbr:Buddy_Adler,65,dbo:birthPlace,3781679,dbr:New_York_City,1
26-77,977699,dbr:Buddy_Adler,65,dbo:birthPlace,3218121,dbr:Los_Angeles,0
26-77,1914613,dbr:Francis_X._Bushman,65,dbo:birthPlace,744064,dbr:Baltimore,1
26-77,1914613,dbr:Francis_X._Bushman,65,dbo:birthPlace,3972504,"dbr:Pacific_Palisades,_Los_Angeles",0
26-77,1923698,dbr:Frank_D._Williams_(cinematographer),65,dbo:birthPlace,3732061,"dbr:Nashville,_Missouri",1
26-77,1923698,dbr:Frank_D._Williams_(cinematographer),65,dbo:birthPlace,1029912,"dbr:Camarillo,_California",0
26-77,1424344,dbr:David_Lean,65,dbo:birthPlace,1319150,dbr:Croydon,1
26-77,1424344,dbr:David_Lean,65,dbo:birthPlace,3153905,dbr:Limehouse,0
26-77,832456,dbr:Betty_Hutton,65,dbo:birthPlace,773483,"dbr:Battle_Creek,_Michigan",1
26-77,832456,dbr:Betty_Hutton,65,dbo:birthPlace,3981901,"dbr:Palm_Springs,_California",0
26-77,4323800,dbr:Reinhold_Schünzel,65,dbo:birthPlace,2058515,dbr:German_Empire,1
26-77,4323800,dbr:Reinhold_Schünzel,65,dbo:birthPlace,3678973,dbr:Munich,0
26-77,3290772,dbr:Mack_Stengler,65,dbo:birthPlace,5536443,dbr:Wisconsin,1
26-77,3290772,dbr:Mack_Stengler,65,dbo:birthPlace,2344305,dbr:Hollywood,0
26-77,5528626,dbr:Willy_Birgel,65,dbo:birthPlace,1258935,dbr:Cologne,1
26-77,5528626,dbr:Willy_Birgel,65,dbo:birthPlace,1602103,dbr:Dübendorf,0
26-77,2734326,dbr:John_Sturges,65,dbo:birthPlace,3872810,"dbr:Oak_Park,_Illinois",1
26-77,2734326,dbr:John_Sturges,65,dbo:birthPlace,4570043,"dbr:San_Luis_Obispo,_California",0
26-77,2388153,dbr:Hy_Averback,65,dbo:birthPlace,3590808,dbr:Minneapolis,1
26-77,2388153,dbr:Hy_Averback,65,dbo:birthPlace,3218121,dbr:Los_Angeles,0
26-77,859585,dbr:Bimal_Roy,65,dbo:birthPlace,1491399,dbr:Dhaka,1
26-77,859585,dbr:Bimal_Roy,65,dbo:birthPlace,3677925,dbr:Mumbai,0
26-77,5347280,dbr:Veronica_Lake,65,dbo:birthPlace,960485,dbr:Brooklyn,1
26-77,5347280,dbr:Veronica_Lake,65,dbo:birthPlace,989192,"dbr:Burlington,_Vermont",0
26-77,5003638,dbr:Terence_Fisher,65,dbo:birthPlace,3307171,dbr:Maida_Vale,1
26-77,5003638,dbr:Terence_Fisher,65,dbo:birthPlace,5245569,dbr:Twickenham,0
77-227,1197681,dbr:Christy_Cabanne,65,dbo:birthPlace,4815673,dbr:St._Louis,1
77-227,1197681,dbr:Christy_Cabanne,65,dbo:birthPlace,4110444,dbr:Philadelphia,0
77-227,3413689,dbr:Martin_Frič,65,dbo:birthPlace,702527,dbr:Austria-Hungary,1
77-227,3413689,dbr:Martin_Frič,65,dbo:birthPlace,1338028,dbr:Czechoslovakia,0
77-227,1053337,"dbr:Carl_Laemmle,_Jr.",65,dbo:birthPlace,1156552,dbr:Chicago,1
77-227,1053337,"dbr:Carl_Laemmle,_Jr.",65,dbo:birthPlace,3218121,dbr:Los_Angeles,0
77-227,2686257,dbr:Johann_Sebastian_Bach,65,dbo:birthPlace,1656772,dbr:Eisenach,1
77-227,2686257,dbr:Johann_Sebastian_Bach,65,dbo:birthPlace,3108880,dbr:Leipzig,0
77-227,4907239,dbr:Sunil_Dutt,65,dbo:birthPlace,2644654,dbr:Jhelum,1
77-227,4907239,dbr:Sunil_Dutt,65,dbo:birthPlace,3303396,dbr:Maharashtra,0
77-227,2253421,dbr:Harry_Marker,65,dbo:birthPlace,2450592,dbr:Indiana,1
77-227,2253421,dbr:Harry_Marker,65,dbo:birthPlace,1274578,dbr:Connecticut,0
77-227,1004052,dbr:C._Gardner_Sullivan,65,dbo:birthPlace,4874326,"dbr:Stillwater,_Minnesota",1
77-227,1004052,dbr:C._Gardner_Sullivan,65,dbo:birthPlace,3218121,dbr:Los_Angeles,0
77-227,1923036,dbr:Frank_Capra,65,dbo:birthPlace,864331,dbr:Bisacquino,1
77-227,1923036,dbr:Frank_Capra,65,dbo:birthPlace,1023244,dbr:California,0
77-227,5346667,dbr:Vernon_Dent,65,dbo:birthPlace,4569263,"dbr:San_Jose,_California",1
77-227,5346667,dbr:Vernon_Dent,65,dbo:birthPlace,2344305,dbr:Hollywood,0
77-227,2420583,dbr:Ida_Lupino,65,dbo:birthPlace,1705443,dbr:England,1
77-227,2420583,dbr:Ida_Lupino,65,dbo:birthPlace,1023244,dbr:California,0
77-227,5456171,dbr:Waylon_Jennings,65,dbo:birthPlace,3191423,"dbr:Littlefield,_Texas",1
77-227,5456171,dbr:Waylon_Jennings,65,dbo:birthPlace,1113687,"dbr:Chandler,_Arizona",0
77-227,2701650,dbr:John_Denver,65,dbo:birthPlace,4462262,"dbr:Roswell,_New_Mexico",1
77-227,2701650,dbr:John_Denver,65,dbo:birthPlace,3639793,dbr:Monterey_Bay,0
77-227,2554127,dbr:James_Cruze,65,dbo:birthPlace,3884314,"dbr:Ogden,_Utah",1
77-227,2554127,dbr:James_Cruze,65,dbo:birthPlace,3218121,dbr:Los_Angeles,0
77-227,4596678,dbr:Sathyan_(actor),65,dbo:birthPlace,955828,dbr:British_Raj,1
77-227,4596678,dbr:Sathyan_(actor),65,dbo:birthPlace,1148410,dbr:Chennai,0
77-227,3838694,dbr:Norbert_Brodine,65,dbo:birthPlace,4815370,"dbr:St._Joseph,_Missouri",1
77-227,3838694,dbr:Norbert_Brodine,65,dbo:birthPlace,3218121,dbr:Los_Angeles,0
77-227,2771076,dbr:Joseph_Cotten,65,dbo:birthPlace,4098360,"dbr:Petersburg,_Virginia",1
77-227,2771076,dbr:Joseph_Cotten,65,dbo:birthPlace,3218121,dbr:Los_Angeles,0
77-227,1930152,dbr:Frank_Tashlin,65,dbo:birthPlace,5461208,"dbr:Weehawken,_New_Jersey",1
77-227,1930152,dbr:Frank_Tashlin,65,dbo:birthPlace,1023244,dbr:California,0
77-227,4479041,dbr:Rudolph_Maté,65,dbo:birthPlace,702527,dbr:Austria-Hungary,1
77-227,4479041,dbr:Rudolph_Maté,65,dbo:birthPlace,833735,"dbr:Beverly_Hills,_California",0
77-227,4553760,dbr:Sam_Newfield,65,dbo:birthPlace,3781413,dbr:New_York,1
77-227,4553760,dbr:Sam_Newfield,65,dbo:birthPlace,3218121,dbr:Los_Angeles,0
77-227,4353453,dbr:Richard_Arlen,65,dbo:birthPlace,3590907,dbr:Minnesota,1
77-227,4353453,dbr:Richard_Arlen,65,dbo:birthPlace,1023244,dbr:California,0
77-227,1139581,dbr:Charlton_Heston,65,dbo:birthPlace,5529547,"dbr:Wilmette,_Illinois",1
77-227,1139581,dbr:Charlton_Heston,65,dbo:birthPlace,833735,"dbr:Beverly_Hills,_California",0
77-227,4059479,dbr:Peggy_Lee,65,dbo:birthPlace,2570354,"dbr:Jamestown,_North_Dakota",1
77-227,4059479,dbr:Peggy_Lee,65,dbo:birthPlace,795764,"dbr:Bel_Air,_Los_Angeles",0
77-227,1428570,dbr:David_O._Selznick,65,dbo:birthPlace,4064325,dbr:Pennsylvania,1
77-227,1428570,dbr:David_O._Selznick,65,dbo:birthPlace,1023244,dbr:California,0
77-227,3340012,dbr:Manuel_Perez_(animator),65,dbo:birthPlace,3648029,"dbr:Morenci,_Arizona",1
77-227,3340012,dbr:Manuel_Perez_(animator),65,dbo:birthPlace,1023244,dbr:California,0
77-227,4715019,dbr:Sidney_Lumet,65,dbo:birthPlace,4110444,dbr:Philadelphia,1
77-227,4715019,dbr:Sidney_Lumet,65,dbo:birthPlace,833735,"dbr:Beverly_Hills,_California",0
77-227,669421,dbr:Ashok_Kumar_(cinematographer),65,dbo:birthPlace,478852,dbr:Allahabad,1
77-227,669421,dbr:Ashok_Kumar_(cinematographer),65,dbo:birthPlace,1148410,dbr:Chennai,0
77-227,652149,dbr:Arthur_Davis_(animator),65,dbo:birthPlace,5594342,"dbr:Yonkers,_New_York",1
77-227,652149,dbr:Arthur_Davis_(animator),65,dbo:birthPlace,4908066,"dbr:Sunnyvale,_California",0
77-227,4059479,dbr:Peggy_Lee,65,dbo:birthPlace,2570354,"dbr:Jamestown,_North_Dakota",1
77-227,4059479,dbr:Peggy_Lee,65,dbo:birthPlace,795764,"dbr:Bel_Air,_Los_Angeles",0
77-227,1471307,dbr:Dennis_Hopper,65,dbo:birthPlace,1537887,"dbr:Dodge_City,_Kansas",1
77-227,1471307,dbr:Dennis_Hopper,65,dbo:birthPlace,5287545,dbr:United_States,0
77-227,1131872,dbr:Charles_Schoenbaum,65,dbo:birthPlace,3218121,dbr:Los_Angeles,1
77-227,1131872,dbr:Charles_Schoenbaum,65,dbo:birthPlace,833735,"dbr:Beverly_Hills,_California",0
77-227,1446713,dbr:Dean_Martin,65,dbo:birthPlace,4858923,"dbr:Steubenville,_Ohio",1
77-227,1446713,dbr:Dean_Martin,65,dbo:birthPlace,833735,"dbr:Beverly_Hills,_California",0
77-227,1942588,dbr:Fred_MacMurray,65,dbo:birthPlace,2879223,"dbr:Kankakee,_Illinois",1
77-227,1942588,dbr:Fred_MacMurray,65,dbo:birthPlace,4582390,"dbr:Santa_Monica,_California",0
77-227,5437910,dbr:Walter_Lantz,65,dbo:birthPlace,3780362,"dbr:New_Rochelle,_New_York",1
77-227,5437910,dbr:Walter_Lantz,65,dbo:birthPlace,987265,"dbr:Burbank,_California",0
77-227,988004,dbr:Burgess_Meredith,65,dbo:birthPlace,1230655,dbr:Cleveland,1
77-227,988004,dbr:Burgess_Meredith,65,dbo:birthPlace,3320244,"dbr:Malibu,_California",0
77-227,795865,dbr:Bela_Lugosi,65,dbo:birthPlace,2969143,dbr:Kingdom_of_Hungary,1
77-227,795865,dbr:Bela_Lugosi,65,dbo:birthPlace,3218121,dbr:Los_Angeles,0
77-227,4561701,dbr:Samuel_Bischoff,65,dbo:birthPlace,2256396,"dbr:Hartford,_Connecticut",1
77-227,4561701,dbr:Samuel_Bischoff,65,dbo:birthPlace,1023244,dbr:California,0
77-227,3424546,dbr:Mary-Ellis_Bunim,65,dbo:birthPlace,3849050,"dbr:Northampton,_Massachusetts",1
77-227,3424546,dbr:Mary-Ellis_Bunim,65,dbo:birthPlace,987265,"dbr:Burbank,_California",0
77-227,3243209,dbr:Lucien_Ballard,65,dbo:birthPlace,3516505,"dbr:Miami,_Oklahoma",1
77-227,3243209,dbr:Lucien_Ballard,65,dbo:birthPlace,4285227,"dbr:Rancho_Mirage,_California",0
77-227,3277733,dbr:M._N._Nambiar,65,dbo:birthPlace,955828,dbr:British_Raj,1
77-227,3277733,dbr:M._N._Nambiar,65,dbo:birthPlace,1148410,dbr:Chennai,0
77-227,2252646,dbr:Harry_Joe_Brown,65,dbo:birthPlace,4145550,dbr:Pittsburgh,1
77-227,2252646,dbr:Harry_Joe_Brown,65,dbo:birthPlace,3981901,"dbr:Palm_Springs,_California",0
77-227,3335089,dbr:Manorama_(Tamil_actress),65,dbo:birthPlace,3296490,dbr:Madras_Presidency,1
77-227,3335089,dbr:Manorama_(Tamil_actress),65,dbo:birthPlace,1148410,dbr:Chennai,0
77-227,739285,dbr:Balakrishna_(Kannada_actor),65,dbo:birthPlace,647909,dbr:Arsikere,1
77-227,739285,dbr:Balakrishna_(Kannada_actor),65,dbo:birthPlace,748215,dbr:Bangalore,0
77-227,5384368,dbr:Vittorio_Gassman,65,dbo:birthPlace,2020655,dbr:Genoa,1
77-227,5384368,dbr:Vittorio_Gassman,65,dbo:birthPlace,2496513,dbr:Italy,0
77-227,2680533,dbr:Joel_McCrea,65,dbo:birthPlace,4789231,"dbr:South_Pasadena,_California",1
77-227,2680533,dbr:Joel_McCrea,65,dbo:birthPlace,1023244,dbr:California,0
77-227,3771505,dbr:Nesuhi_Ertegun,65,dbo:birthPlace,2492568,dbr:Istanbul,1
77-227,3771505,dbr:Nesuhi_Ertegun,65,dbo:birthPlace,3781679,dbr:New_York_City,0
77-227,1406790,dbr:Dave_Fleischer,65,dbo:birthPlace,3781413,dbr:New_York,1
77-227,1406790,dbr:Dave_Fleischer,65,dbo:birthPlace,5546275,"dbr:Woodland_Hills,_Los_Angeles",0
77-227,874856,dbr:Blake_Edwards,65,dbo:birthPlace,5237562,"dbr:Tulsa,_Oklahoma",1
77-227,874856,dbr:Blake_Edwards,65,dbo:birthPlace,4582390,"dbr:Santa_Monica,_California",0
77-227,3698342,dbr:Myrna_Loy,65,dbo:birthPlace,2281238,"dbr:Helena,_Montana",1
77-227,3698342,dbr:Myrna_Loy,65,dbo:birthPlace,3781413,dbr:New_York,0
77-227,1678450,dbr:Ella_Fitzgerald,65,dbo:birthPlace,3785217,"dbr:Newport_News,_Virginia",1
77-227,1678450,dbr:Ella_Fitzgerald,65,dbo:birthPlace,833735,"dbr:Beverly_Hills,_California",0
77-227,2253421,dbr:Harry_Marker,65,dbo:birthPlace,2450592,dbr:Indiana,1
77-227,2253421,dbr:Harry_Marker,65,dbo:birthPlace,1274578,dbr:Connecticut,0
227-671,2216798,dbr:Hal_Roach,65,dbo:birthPlace,1682373,"dbr:Elmira,_New_York",1
227-671,2216798,dbr:Hal_Roach,65,dbo:birthPlace,3218121,dbr:Los_Angeles,0
227-671,5509147,dbr:William_Hanna,65,dbo:birthPlace,3496019,"dbr:Melrose,_New_Mexico",1
227-671,5509147,dbr:William_Hanna,65,dbo:birthPlace,1023244,dbr:California,0
227-671,4401562,dbr:Robert_McKimson,65,dbo:birthPlace,1473910,dbr:Denver,1
227-671,4401562,dbr:Robert_McKimson,65,dbo:birthPlace,987265,"dbr:Burbank,_California",0
227-671,4744241,dbr:Sivaji_Ganesan,65,dbo:birthPlace,4974255,dbr:Tanjore_District_(Madras_Presidency),1
227-671,4744241,dbr:Sivaji_Ganesan,65,dbo:birthPlace,1148410,dbr:Chennai,0
227-671,860184,dbr:Bing_Crosby,65,dbo:birthPlace,4954551,"dbr:Tacoma,_Washington",1
227-671,860184,dbr:Bing_Crosby,65,dbo:birthPlace,417218,dbr:Alcobendas,0
227-671,4900631,dbr:Sukumari,65,dbo:birthPlace,3717435,dbr:Nagercoil,1
227-671,4900631,dbr:Sukumari,65,dbo:birthPlace,1148410,dbr:Chennai,0
227-671,2552202,dbr:James_Brown,65,dbo:birthPlace,759771,"dbr:Barnwell,_South_Carolina",1
227-671,2552202,dbr:James_Brown,65,dbo:birthPlace,685424,dbr:Atlanta,0
227-671,860184,dbr:Bing_Crosby,65,dbo:birthPlace,4954551,"dbr:Tacoma,_Washington",1
227-671,860184,dbr:Bing_Crosby,65,dbo:birthPlace,417218,dbr:Alcobendas,0
227-671,1929678,dbr:Frank_Sinatra,65,dbo:birthPlace,2339512,"dbr:Hoboken,_New_Jersey",1
227-671,1929678,dbr:Frank_Sinatra,65,dbo:birthPlace,1023244,dbr:California,0
227-671,2769935,dbr:Joseph_Barbera,65,dbo:birthPlace,3781413,dbr:New_York,1
227-671,2769935,dbr:Joseph_Barbera,65,dbo:birthPlace,1023244,dbr:California,0
227-671,408937,dbr:Albert_Günther,65,dbo:birthPlace,1746269,dbr:Esslingen_am_Neckar,1
227-671,408937,dbr:Albert_Günther,65,dbo:birthPlace,2944759,dbr:Kew_Gardens,0
227-671,854610,dbr:Billy_Bitzer,65,dbo:birthPlace,3436140,dbr:Massachusetts,1
227-671,854610,dbr:Billy_Bitzer,65,dbo:birthPlace,1023244,dbr:California,0
227-671,5434176,dbr:Walt_Disney,65,dbo:birthPlace,1156552,dbr:Chicago,1
227-671,5434176,dbr:Walt_Disney,65,dbo:birthPlace,987265,"dbr:Burbank,_California",0
227-671,1685783,dbr:Elvis_Presley,65,dbo:birthPlace,5239334,"dbr:Tupelo,_Mississippi",1
227-671,1685783,dbr:Elvis_Presley,65,dbo:birthPlace,3497785,"dbr:Memphis,_Tennessee",0
227-671,3069781,dbr:Larry_Fine,65,dbo:birthPlace,4064325,dbr:Pennsylvania,1
227-671,3069781,dbr:Larry_Fine,65,dbo:birthPlace,3218121,dbr:Los_Angeles,0
227-671,5509147,dbr:William_Hanna,65,dbo:birthPlace,3496019,"dbr:Melrose,_New_Mexico",1
227-671,5509147,dbr:William_Hanna,65,dbo:birthPlace,1023244,dbr:California,0
227-671,5434176,dbr:Walt_Disney,65,dbo:birthPlace,1156552,dbr:Chicago,1
227-671,5434176,dbr:Walt_Disney,65,dbo:birthPlace,987265,"dbr:Burbank,_California",0
227-671,4744241,dbr:Sivaji_Ganesan,65,dbo:birthPlace,4974255,dbr:Tanjore_District_(Madras_Presidency),1
227-671,4744241,dbr:Sivaji_Ganesan,65,dbo:birthPlace,1148410,dbr:Chennai,0
227-671,347688,dbr:Adolph_Zukor,65,dbo:birthPlace,702527,dbr:Austria-Hungary,1
227-671,347688,dbr:Adolph_Zukor,65,dbo:birthPlace,3218121,dbr:Los_Angeles,0
227-671,1931134,dbr:Frank_Zappa,65,dbo:birthPlace,744064,dbr:Baltimore,1
227-671,1931134,dbr:Frank_Zappa,65,dbo:birthPlace,3218121,dbr:Los_Angeles,0
227-671,3903674,dbr:Oliver_Hardy,65,dbo:birthPlace,2243592,"dbr:Harlem,_Georgia",1
227-671,3903674,dbr:Oliver_Hardy,65,dbo:birthPlace,3847201,"dbr:North_Hollywood,_Los_Angeles",0
227-671,2769935,dbr:Joseph_Barbera,65,dbo:birthPlace,3781413,dbr:New_York,1
227-671,2769935,dbr:Joseph_Barbera,65,dbo:birthPlace,1023244,dbr:California,0
227-671,3903674,dbr:Oliver_Hardy,65,dbo:birthPlace,2243592,"dbr:Harlem,_Georgia",1
227-671,3903674,dbr:Oliver_Hardy,65,dbo:birthPlace,3847201,"dbr:North_Hollywood,_Los_Angeles",0
227-671,2198280,dbr:H._M._Walker,65,dbo:birthPlace,3205122,"dbr:Logan_County,_Ohio",1
227-671,2198280,dbr:H._M._Walker,65,dbo:birthPlace,1156552,dbr:Chicago,0
227-671,461412,dbr:Alfred_Jefferis_Turner,65,dbo:birthPlace,2168156,dbr:Guangzhou,1
227-671,461412,dbr:Alfred_Jefferis_Turner,65,dbo:birthPlace,953564,dbr:Brisbane,0
227-671,4401562,dbr:Robert_McKimson,65,dbo:birthPlace,1473910,dbr:Denver,1
227-671,4401562,dbr:Robert_McKimson,65,dbo:birthPlace,987265,"dbr:Burbank,_California",0
227-671,1960930,dbr:Friz_Freleng,65,dbo:birthPlace,2879873,"dbr:Kansas_City,_Missouri",1
227-671,1960930,dbr:Friz_Freleng,65,dbo:birthPlace,3218121,dbr:Los_Angeles,0
227-671,1685783,dbr:Elvis_Presley,65,dbo:birthPlace,5239334,"dbr:Tupelo,_Mississippi",1
227-671,1685783,dbr:Elvis_Presley,65,dbo:birthPlace,3497785,"dbr:Memphis,_Tennessee",0
227-671,1929678,dbr:Frank_Sinatra,65,dbo:birthPlace,2339512,"dbr:Hoboken,_New_Jersey",1
227-671,1929678,dbr:Frank_Sinatra,65,dbo:birthPlace,1023244,dbr:California,0
227-671,860184,dbr:Bing_Crosby,65,dbo:birthPlace,4954551,"dbr:Tacoma,_Washington",1
227-671,860184,dbr:Bing_Crosby,65,dbo:birthPlace,417218,dbr:Alcobendas,0
227-671,4247079,dbr:R._D._Burman,65,dbo:birthPlace,2990601,dbr:Kolkata,1
227-671,4247079,dbr:R._D._Burman,65,dbo:birthPlace,3677925,dbr:Mumbai,0
227-671,4900631,dbr:Sukumari,65,dbo:birthPlace,3717435,dbr:Nagercoil,1
227-671,4900631,dbr:Sukumari,65,dbo:birthPlace,1148410,dbr:Chennai,0
227-671,1960930,dbr:Friz_Freleng,65,dbo:birthPlace,2879873,"dbr:Kansas_City,_Missouri",1
227-671,1960930,dbr:Friz_Freleng,65,dbo:birthPlace,3218121,dbr:Los_Angeles,0
227-671,5434176,dbr:Walt_Disney,65,dbo:birthPlace,1156552,dbr:Chicago,1
227-671,5434176,dbr:Walt_Disney,65,dbo:birthPlace,987265,"dbr:Burbank,_California",0
227-671,461412,dbr:Alfred_Jefferis_Turner,65,dbo:birthPlace,2168156,dbr:Guangzhou,1
227-671,461412,dbr:Alfred_Jefferis_Turner,65,dbo:birthPlace,953564,dbr:Brisbane,0
227-671,2198280,dbr:H._M._Walker,65,dbo:birthPlace,3205122,"dbr:Logan_County,_Ohio",1
227-671,2198280,dbr:H._M._Walker,65,dbo:birthPlace,1156552,dbr:Chicago,0
227-671,1931134,dbr:Frank_Zappa,65,dbo:birthPlace,744064,dbr:Baltimore,1
227-671,1931134,dbr:Frank_Zappa,65,dbo:birthPlace,3218121,dbr:Los_Angeles,0
227-671,3903674,dbr:Oliver_Hardy,65,dbo:birthPlace,2243592,"dbr:Harlem,_Georgia",1
227-671,3903674,dbr:Oliver_Hardy,65,dbo:birthPlace,3847201,"dbr:North_Hollywood,_Los_Angeles",0
227-671,2198280,dbr:H._M._Walker,65,dbo:birthPlace,3205122,"dbr:Logan_County,_Ohio",1
227-671,2198280,dbr:H._M._Walker,65,dbo:birthPlace,1156552,dbr:Chicago,0
227-671,1931134,dbr:Frank_Zappa,65,dbo:birthPlace,744064,dbr:Baltimore,1
227-671,1931134,dbr:Frank_Zappa,65,dbo:birthPlace,3218121,dbr:Los_Angeles,0
227-671,1201194,dbr:Chuck_Jones,65,dbo:birthPlace,4804268,"dbr:Spokane,_Washington",1
227-671,1201194,dbr:Chuck_Jones,65,dbo:birthPlace,1290822,"dbr:Corona_del_Mar,_Newport_Beach",0
227-671,4900631,dbr:Sukumari,65,dbo:birthPlace,3717435,dbr:Nagercoil,1
227-671,4900631,dbr:Sukumari,65,dbo:birthPlace,1148410,dbr:Chennai,0
227-671,1960930,dbr:Friz_Freleng,65,dbo:birthPlace,2879873,"dbr:Kansas_City,_Missouri",1
227-671,1960930,dbr:Friz_Freleng,65,dbo:birthPlace,3218121,dbr:Los_Angeles,0
227-671,1413412,dbr:David_Bowie,65,dbo:birthPlace,956820,dbr:Brixton,1
227-671,1413412,dbr:David_Bowie,65,dbo:birthPlace,3330850,dbr:Manhattan,0
227-671,1931134,dbr:Frank_Zappa,65,dbo:birthPlace,744064,dbr:Baltimore,1
227-671,1931134,dbr:Frank_Zappa,65,dbo:birthPlace,3218121,dbr:Los_Angeles,0
227-671,5509147,dbr:William_Hanna,65,dbo:birthPlace,3496019,"dbr:Melrose,_New_Mexico",1
227-671,5509147,dbr:William_Hanna,65,dbo:birthPlace,1023244,dbr:California,0
227-671,461412,dbr:Alfred_Jefferis_Turner,65,dbo:birthPlace,2168156,dbr:Guangzhou,1
227-671,461412,dbr:Alfred_Jefferis_Turner,65,dbo:birthPlace,953564,dbr:Brisbane,0
227-671,461412,dbr:Alfred_Jefferis_Turner,65,dbo:birthPlace,2168156,dbr:Guangzhou,1
227-671,461412,dbr:Alfred_Jefferis_Turner,65,dbo:birthPlace,953564,dbr:Brisbane,0
227-671,1929678,dbr:Frank_Sinatra,65,dbo:birthPlace,2339512,"dbr:Hoboken,_New_Jersey",1
227-671,1929678,dbr:Frank_Sinatra,65,dbo:birthPlace,1023244,dbr:California,0
227-671,860184,dbr:Bing_Crosby,65,dbo:birthPlace,4954551,"dbr:Tacoma,_Washington",1
227-671,860184,dbr:Bing_Crosby,65,dbo:birthPlace,417218,dbr:Alcobendas,0
